name,stars,url,default-branch,default-branch-commit-cnt,has_main_master_trunk,develop-name,develop-commit-cnt,develop-name2,develop-commit-cnt2
freeCodeCamp,394272,https://github.com/freeCodeCamp/freeCodeCamp,main,35899,True
free-programming-books,328850,https://github.com/EbookFoundation/free-programming-books,main,9192,True
awesome,311803,https://github.com/sindresorhus/awesome,main,1137,True
public-apis,302829,https://github.com/public-apis/public-apis,master,4532,True
coding-interview-university,299409,https://github.com/jwasham/coding-interview-university,main,2496,True
build-your-own-x,288595,https://github.com/codecrafters-io/build-your-own-x,master,567,True
developer-roadmap,283350,https://github.com/kamranahmedse/developer-roadmap,master,4841,True
996.ICU,269497,https://github.com/996icu/996.ICU,master,3205,True
system-design-primer,264723,https://github.com/donnemartin/system-design-primer,master,331,True,develop,302
react,225437,https://github.com/facebook/react,main,19093,True
awesome-python,213046,https://github.com/vinta/awesome-python,master,1679,True
vue,207459,https://github.com/vuejs/vue,main,3592,True,dev,3228
awesome-selfhosted,187852,https://github.com/awesome-selfhosted/awesome-selfhosted,master,6597,True
javascript-algorithms,185493,https://github.com/trekhleb/javascript-algorithms,master,1115,True
tensorflow,184170,https://github.com/tensorflow/tensorflow,master,167263,True
project-based-learning,183834,https://github.com/practical-tutorials/project-based-learning,master,570,True
Python,182322,https://github.com/TheAlgorithms/Python,master,3370,True
You-Dont-Know-JS,178098,https://github.com/getify/You-Dont-Know-JS,2nd-ed,1897,True
linux,175003,https://github.com/torvalds/linux,master,1292013,True
CS-Notes,173810,https://github.com/CyC2018/CS-Notes,master,3781,True
ohmyzsh,171042,https://github.com/ohmyzsh/ohmyzsh,master,7306,True
bootstrap,168160,https://github.com/twbs/bootstrap,main,22848,True
computer-science,166249,https://github.com/ossu/computer-science,master,1042,True
AutoGPT,164822,https://github.com/Significant-Gravitas/AutoGPT,master,5463,True
flutter,163630,https://github.com/flutter/flutter,master,41658,True,dev,30759
vscode,160827,https://github.com/microsoft/vscode,main,123156,True
gitignore,159830,https://github.com/github/gitignore,main,3588,True
Python-100-Days,153082,https://github.com/jackfrued/Python-100-Days,master,380,True
the-art-of-command-line,151096,https://github.com/jlevy/the-art-of-command-line,master,1218,True
JavaGuide,144987,https://github.com/Snailclimb/JavaGuide,main,5440,True
javascript,143489,https://github.com/airbnb/javascript,master,1974,True
the-book-of-secret-knowledge,137796,https://github.com/trimstray/the-book-of-secret-knowledge,master,1068,True
stable-diffusion-webui,136323,https://github.com/AUTOMATIC1111/stable-diffusion-webui,master,7384,True,dev,7637
youtube-dl,130094,https://github.com/ytdl-org/youtube-dl,master,18856,True
transformers,129523,https://github.com/huggingface/transformers,main,16385,True
awesome-go,125508,https://github.com/avelino/awesome-go,main,4788,True
fucking-algorithm,124383,https://github.com/labuladong/fucking-algorithm,master,499,True
next.js,123297,https://github.com/vercel/next.js,canary,21626,True
go,121424,https://github.com/golang/go,master,60425,True
30-seconds-of-code,120479,https://github.com/Chalarangelo/30-seconds-of-code,master,8993,True
react-native,117255,https://github.com/facebook/react-native,main,32403,True
tech-interview-handbook,114361,https://github.com/yangshun/tech-interview-handbook,main,1288,True
electron,112954,https://github.com/electron/electron,main,28367,True
free-programming-books-zh_CN,110475,https://github.com/justjavac/free-programming-books-zh_CN,main,924,True
kubernetes,108612,https://github.com/kubernetes/kubernetes,master,124068,True
d3,108161,https://github.com/d3/d3,main,4497,True
PowerToys,107376,https://github.com/microsoft/PowerToys,main,7390,True
awesome-chatgpt-prompts,107336,https://github.com/f/awesome-chatgpt-prompts,main,434,True
scrcpy,106062,https://github.com/Genymobile/scrcpy,master,2457,True,dev,2485,develop,2180
node,105486,https://github.com/nodejs/node,main,41792,True
axios,104692,https://github.com/axios/axios,v1.x,1540,True
create-react-app,102272,https://github.com/facebook/create-react-app,main,2802,True
three.js,100694,https://github.com/mrdoob/three.js,dev,43715,True,dev,43715
TypeScript,99292,https://github.com/microsoft/TypeScript,main,36131,True
nodebestpractices,97411,https://github.com/goldbergyoni/nodebestpractices,master,3914,True
angular,95297,https://github.com/angular/angular,main,30565,True
rust,95178,https://github.com/rust-lang/rust,master,261174,True
GitHub-Chinese-Top-Charts,95059,https://github.com/GrowingGit/GitHub-Chinese-Top-Charts,master,935,True
terminal,94389,https://github.com/microsoft/terminal,main,4289,True
deno,93478,https://github.com/denoland/deno,main,11774,True
material-ui,92551,https://github.com/mui/material-ui,next,25054,True
ant-design,91245,https://github.com/ant-design/ant-design,master,28149,True
clean-code-javascript,90743,https://github.com/ryanmcdermott/clean-code-javascript,master,546,True
langchain,89431,https://github.com/langchain-ai/langchain,master,10478,True
java-design-patterns,88456,https://github.com/iluwatar/java-design-patterns,master,4096,True
HelloGitHub,88140,https://github.com/521xueweihan/HelloGitHub,master,188,True
hello-algo,88029,https://github.com/krahets/hello-algo,main,2000,True,dev,2000
puppeteer,87714,https://github.com/puppeteer/puppeteer,main,4947,True
Microsoft-Activation-Scripts,87346,https://github.com/massgravel/Microsoft-Activation-Scripts,master,143,True,dev,159
vue-element-admin,87149,https://github.com/PanJiaChen/vue-element-admin,master,1019,True
godot,86939,https://github.com/godotengine/godot,master,65688,True
free-for-dev,85831,https://github.com/ripienaar/free-for-dev,master,5845,True
papers-we-love,85426,https://github.com/papers-we-love/papers-we-love,main,871,True
thefuck,83791,https://github.com/nvbn/thefuck,master,1651,True
storybook,83530,https://github.com/storybookjs/storybook,next,61706,True
frp,82522,https://github.com/fatedier/frp,dev,1223,True,dev,1223
Web-Dev-For-Beginners,82303,https://github.com/microsoft/Web-Dev-For-Beginners,main,1689,True
iptv,82084,https://github.com/iptv-org/iptv,master,30206,True
tailwindcss,80645,https://github.com/tailwindlabs/tailwindcss,next,5381,True
pytorch,80574,https://github.com/pytorch/pytorch,main,75800,True
Awesome-Hacking,80434,https://github.com/Hack-with-Github/Awesome-Hacking,master,119,True
animate.css,80223,https://github.com/animate-css/animate.css,main,664,True
neovim,80205,https://github.com/neovim/neovim,master,30235,True
tauri,79981,https://github.com/tauri-apps/tauri,dev,4712,False,dev,4712
realworld,79870,https://github.com/gothinkster/realworld,main,955,True
ollama,79285,https://github.com/ollama/ollama,main,3164,True
django,78098,https://github.com/django/django,main,32760,True
every-programmer-should-know,77882,https://github.com/mtdvio/every-programmer-should-know,master,284,True
nvm,77788,https://github.com/nvm-sh/nvm,master,2188,True
excalidraw,77615,https://github.com/excalidraw/excalidraw,master,3483,True
svelte,77589,https://github.com/sveltejs/svelte,main,8919,True
laravel,77581,https://github.com/laravel/laravel,11.x,7052,True
bitcoin,77265,https://github.com/bitcoin/bitcoin,master,41683,True
yt-dlp,77260,https://github.com/yt-dlp/yt-dlp,master,22644,True
opencv,77069,https://github.com/opencv/opencv,4.x,34408,True
gin,76959,https://github.com/gin-gonic/gin,master,1782,True
models,76802,https://github.com/tensorflow/models,master,9423,True
mall,76660,https://github.com/macrozheng/mall,master,1033,True
app-ideas,76550,https://github.com/florinpop17/app-ideas,master,536,True
FiraCode,76195,https://github.com/tonsky/FiraCode,master,596,True
advanced-java,75227,https://github.com/doocs/advanced-java,main,756,True
LeetCodeAnimation,75182,https://github.com/MisterBooo/LeetCodeAnimation,master,246,True
spring-boot,73800,https://github.com/spring-projects/spring-boot,main,49742,True
hugo,73795,https://github.com/gohugoio/hugo,master,8425,True
fastapi,73679,https://github.com/tiangolo/fastapi,master,4401,True
Font-Awesome,73363,https://github.com/FortAwesome/Font-Awesome,6.x,23,True
awesome-mac,73321,https://github.com/jaywcjlove/awesome-mac,master,2049,True
ChatGPT-Next-Web,73090,https://github.com/ChatGPTNextWeb/ChatGPT-Next-Web,main,2150,True
bun,72172,https://github.com/oven-sh/bun,main,10089,True
json-server,72035,https://github.com/typicode/json-server,main,965,True
awesome-vue,71561,https://github.com/vuejs/awesome-vue,master,5152,True
core,70003,https://github.com/home-assistant/core,dev,80395,True,dev,80395
netdata,69670,https://github.com/netdata/netdata,master,18249,True,develop,13367
supabase,69603,https://github.com/supabase/supabase,master,28597,True
mermaid,69302,https://github.com/mermaid-js/mermaid,develop,10568,True,develop,10568
awesome-interview-questions,69208,https://github.com/DopplerHQ/awesome-interview-questions,master,449,True
elasticsearch,68688,https://github.com/elastic/elasticsearch,main,78672,True
rustdesk,68654,https://github.com/rustdesk/rustdesk,master,9668,True
ML-For-Beginners,68388,https://github.com/microsoft/ML-For-Beginners,main,1659,True
moby,68219,https://github.com/moby/moby,master,49634,True
Front-End-Checklist,68003,https://github.com/thedaviddias/Front-End-Checklist,master,703,True
node,67802,https://github.com/base-org/node,main,115,True
gpt4all,67558,https://github.com/nomic-ai/gpt4all,main,1963,True
reveal.js,67345,https://github.com/hakimel/reveal.js,master,3143,True,dev,2823
flask,67104,https://github.com/pallets/flask,main,5300,True
swift,67021,https://github.com/swiftlang/swift,main,170219,True
github-readme-stats,66838,https://github.com/anuraghazra/github-readme-stats,master,1333,True
stable-diffusion,66766,https://github.com/CompVis/stable-diffusion,main,33,True
code-server,66675,https://github.com/coder/code-server,main,3820,True
funNLP,66366,https://github.com/fighting41love/funNLP,master,159,True
vite,66233,https://github.com/vitejs/vite,main,6862,True
awesome-for-beginners,66191,https://github.com/MunGell/awesome-for-beginners,main,462,True
cs-video-courses,66047,https://github.com/Developer-Y/cs-video-courses,master,380,True
nest,65869,https://github.com/nestjs/nest,master,16150,True
redis,65722,https://github.com/redis/redis,unstable,12192,False
devops-exercises,65012,https://github.com/bregman-arie/devops-exercises,master,757,True
whisper,64821,https://github.com/openai/whisper,main,136,True
ui,64737,https://github.com/shadcn-ui/ui,main,424,True
protobuf,64672,https://github.com/protocolbuffers/protobuf,main,18116,True
v2rayN,64635,https://github.com/2dust/v2rayN,master,1339,True
awesome-machine-learning,64519,https://github.com/josephmisiti/awesome-machine-learning,master,1951,True
HowToCook,64516,https://github.com/Anduin2017/HowToCook,master,2237,True
express,64431,https://github.com/expressjs/express,master,5844,True,develop,5777
webpack,64347,https://github.com/webpack/webpack,main,17053,True
playwright,64155,https://github.com/microsoft/playwright,main,12863,True
Chart.js,64026,https://github.com/chartjs/Chart.js,master,4514,True
awesome-react,63451,https://github.com/enaqx/awesome-react,master,1989,True
sway,62917,https://github.com/FuelLabs/sway,master,2913,True
interviews,62867,https://github.com/kdn251/interviews,master,445,True
33-js-concepts,62712,https://github.com/leonardomso/33-js-concepts,master,791,True
fzf,62412,https://github.com/junegunn/fzf,master,2878,True
syncthing,62407,https://github.com/syncthing/syncthing,main,7449,True
gpt_academic,62288,https://github.com/binary-husky/gpt_academic,master,2151,True
llama.cpp,61907,https://github.com/ggerganov/llama.cpp,master,3423,True,dev,48
strapi,61888,https://github.com/strapi/strapi,develop,33937,True,develop,33937
ansible,61863,https://github.com/ansible/ansible,devel,54500,False
the-algorithm,61763,https://github.com/twitter/the-algorithm,main,30,True
resume.github.com,61725,https://github.com/resume/resume.github.com,master,263,True
grafana,61685,https://github.com/grafana/grafana,main,52514,True
hoppscotch,61639,https://github.com/hoppscotch/hoppscotch,main,5306,True
javascript-questions,61413,https://github.com/lydiahallie/javascript-questions,master,1374,True
keras,61348,https://github.com/keras-team/keras,master,10834,True
cpython,61207,https://github.com/python/cpython,main,123008,True
manim,60790,https://github.com/3b1b/manim,master,5894,True
superset,60768,https://github.com/apache/superset,master,15601,True
system-design-101,60712,https://github.com/ByteByteGoHq/system-design-101,main,23,True
redux,60655,https://github.com/reduxjs/redux,master,3966,True
socket.io,60602,https://github.com/socketio/socket.io,main,7549,True
Ventoy,60574,https://github.com/ventoy/Ventoy,master,1075,True
atom,60088,https://github.com/atom/atom,master,38533,True
nocode,60044,https://github.com/kelseyhightower/nocode,master,4,True
Best-websites-a-programmer-should-visit,59950,https://github.com/sdmg15/Best-websites-a-programmer-should-visit,master,1232,True
tesseract,59806,https://github.com/tesseract-ocr/tesseract,main,6418,True
echarts,59735,https://github.com/apache/echarts,master,9364,True
markdown-here,59583,https://github.com/adam-p/markdown-here,master,807,True
architect-awesome,59498,https://github.com/xingshaocheng/architect-awesome,master,307,True
d2l-zh,59464,https://github.com/d2l-ai/d2l-zh,master,4116,True
awesome-public-datasets,59416,https://github.com/awesomedata/awesome-public-datasets,master,774,True
gpt4free,59361,https://github.com/xtekky/gpt4free,main,2167,True
lodash,59315,https://github.com/lodash/lodash,main,8016,True
Front-end-Developer-Interview-Questions,59293,https://github.com/h5bp/Front-end-Developer-Interview-Questions,main,1045,True
jquery,59058,https://github.com/jquery/jquery,main,6715,True
scikit-learn,58959,https://github.com/scikit-learn/scikit-learn,main,31527,True
angular.js,58896,https://github.com/angular/angular.js,master,9074,True
PayloadsAllTheThings,58532,https://github.com/swisskyrepo/PayloadsAllTheThings,master,1928,True
fuel-core,58280,https://github.com/FuelLabs/fuel-core,master,961,True
imgui,58160,https://github.com/ocornut/imgui,master,8219,True
shadowsocks-windows,58142,https://github.com/shadowsocks/shadowsocks-windows,main,1718,True
Java,57768,https://github.com/TheAlgorithms/Java,master,2188,True
openai-cookbook,57731,https://github.com/openai/openai-cookbook,main,875,True
obs-studio,57698,https://github.com/obsproject/obs-studio,master,14270,True
design-resources-for-developers,57451,https://github.com/bradtraversy/design-resources-for-developers,master,2214,True
awesome-cpp,57292,https://github.com/fffaraz/awesome-cpp,master,1846,True
tabby,57244,https://github.com/Eugeny/tabby,master,6189,True
Apollo-11,57131,https://github.com/chrislgarry/Apollo-11,master,549,True
awesome-nodejs,57105,https://github.com/sindresorhus/awesome-nodejs,main,864,True
awesome-scalability,57009,https://github.com/binhnguyennus/awesome-scalability,master,1186,True
generative-ai-for-beginners,56948,https://github.com/microsoft/generative-ai-for-beginners,main,1085,True
html5-boilerplate,56255,https://github.com/h5bp/html5-boilerplate,main,2566,True
caddy,55774,https://github.com/caddyserver/caddy,master,2056,True
SecLists,55764,https://github.com/danielmiessler/SecLists,master,3101,True
spring-framework,55733,https://github.com/spring-projects/spring-framework,main,30697,True
awesome-courses,55607,https://github.com/prakhar1989/awesome-courses,master,554,True
rails,55340,https://github.com/rails/rails,main,92173,True
gatsby,55151,https://github.com/gatsbyjs/gatsby,master,21668,True
screenshot-to-code,54929,https://github.com/abi/screenshot-to-code,main,597,True
alacritty,54765,https://github.com/alacritty/alacritty,master,2347,True
docusaurus,54390,https://github.com/facebook/docusaurus,main,6001,True
llama,54290,https://github.com/meta-llama/llama,main,142,True
leetcode,54187,https://github.com/azl397985856/leetcode,master,1794,True
element,54055,https://github.com/ElemeFE/element,dev,4612,True,dev,4612
prometheus,53920,https://github.com/prometheus/prometheus,main,13239,True
DeepLearning-500-questions,53833,https://github.com/scutan90/DeepLearning-500-questions,master,1275,True
nuxt,53282,https://github.com/nuxt/nuxt,main,6440,True
new-pac,53275,https://github.com/Alvin9999/new-pac,master,2286,True
localstack,53092,https://github.com/localstack/localstack,master,6124,True
private-gpt,53032,https://github.com/zylon-ai/private-gpt,main,295,True
cs-self-learning,53005,https://github.com/PKUFlyingPig/cs-self-learning,master,496,True
uptime-kuma,52950,https://github.com/louislam/uptime-kuma,master,5381,True
nerd-fonts,52898,https://github.com/ryanoasis/nerd-fonts,master,2649,True
sherlock,52820,https://github.com/sherlock-project/sherlock,master,2440,True
react-router,52541,https://github.com/remix-run/react-router,main,6608,True,dev,8644
act,52506,https://github.com/nektos/act,master,1160,True
face_recognition,52459,https://github.com/ageitgey/face_recognition,master,238,True
awesome-flutter,52292,https://github.com/Solido/awesome-flutter,master,1895,True
normalize.css,52155,https://github.com/necolas/normalize.css,master,360,True
annotated_deep_learning_paper_implementations,52018,https://github.com/labmlai/annotated_deep_learning_paper_implementations,master,785,True
requests,51783,https://github.com/psf/requests,main,6294,True
scrapy,51766,https://github.com/scrapy/scrapy,master,10526,True
ChatGPT,51755,https://github.com/lencx/ChatGPT,v2-dev,633,True
Real-Time-Voice-Cloning,51622,https://github.com/CorentinJ/Real-Time-Voice-Cloning,master,297,True
awesome-chatgpt-prompts-zh,51493,https://github.com/PlexPt/awesome-chatgpt-prompts-zh,main,176,True
gpt-engineer,51450,https://github.com/gpt-engineer-org/gpt-engineer,main,1619,True
rustlings,51404,https://github.com/rust-lang/rustlings,main,2881,True
git,51115,https://github.com/git/git,master,74055,True
Semantic-UI,51071,https://github.com/Semantic-Org/Semantic-UI,master,6747,True
open-interpreter,50965,https://github.com/OpenInterpreter/open-interpreter,main,2810,True
ionic-framework,50704,https://github.com/ionic-team/ionic-framework,main,13914,True
AppFlowy,50653,https://github.com/AppFlowy-IO/AppFlowy,main,5724,True
material-design-icons,50203,https://github.com/google/material-design-icons,master,252,True
faceswap,49929,https://github.com/deepfakes/faceswap,master,1826,True
awesome-android-ui,49824,https://github.com/wasabeef/awesome-android-ui,master,459,True
guava,49727,https://github.com/google/guava,master,6549,True
you-get,49633,https://github.com/soimort/you-get,develop,2570,True,develop,2570
tldr,49461,https://github.com/tldr-pages/tldr,main,14577,True
ghidra,49393,https://github.com/NationalSecurityAgency/ghidra,master,12509,True
traefik,49265,https://github.com/traefik/traefik,master,5129,True
anime,49262,https://github.com/juliangarnier/anime,master,751,True
leetcode-master,49206,https://github.com/youngyangyang04/leetcode-master,master,7864,True
grok-1,49183,https://github.com/xai-org/grok-1,main,9,True
bulma,48883,https://github.com/jgthms/bulma,main,1860,True
prettier,48761,https://github.com/prettier/prettier,main,9397,True
openpilot,48741,https://github.com/commaai/openpilot,master,12881,True
yolov5,48677,https://github.com/ultralytics/yolov5,master,2829,True
jekyll,48674,https://github.com/jekyll/jekyll,master,11736,True
lazygit,48615,https://github.com/jesseduffield/lazygit,master,5611,True
kotlin,48393,https://github.com/JetBrains/kotlin,master,115703,True
rich,48299,https://github.com/Textualize/rich,master,4006,True
drawio-desktop,48180,https://github.com/jgraph/drawio-desktop,dev,844,False,dev,844
bypass-paywalls-chrome,48028,https://github.com/iamadamdev/bypass-paywalls-chrome,master,628,True
pi-hole,47917,https://github.com/pi-hole/pi-hole,master,5915,True
moment,47905,https://github.com/moment/moment,develop,4064,True,develop,4064
bat,47872,https://github.com/sharkdp/bat,master,3014,True
DefinitelyTyped,47810,https://github.com/DefinitelyTyped/DefinitelyTyped,master,87334,True
RxJava,47776,https://github.com/ReactiveX/RxJava,3.x,6137,False
chinese-poetry,47524,https://github.com/chinese-poetry/chinese-poetry,master,625,True
mkcert,47436,https://github.com/FiloSottile/mkcert,master,165,True
hacker-scripts,47412,https://github.com/NARKOZ/hacker-scripts,master,150,True
project-layout,47404,https://github.com/golang-standards/project-layout,master,311,True
pdf.js,47338,https://github.com/mozilla/pdf.js,master,19293,True
etcd,46903,https://github.com/etcd-io/etcd,main,21629,True
go-ethereum,46802,https://github.com/ethereum/go-ethereum,master,15302,True
github-cheat-sheet,46746,https://github.com/tiimgreen/github-cheat-sheet,master,507,True
cypress,46485,https://github.com/cypress-io/cypress,develop,20612,True,develop,20612
ripgrep,46481,https://github.com/BurntSushi/ripgrep,master,2019,True
awesome-ios,46469,https://github.com/vsouza/awesome-ios,master,6443,True
algorithm-visualizer,46455,https://github.com/algorithm-visualizer/algorithm-visualizer,master,668,True
mastodon,46438,https://github.com/mastodon/mastodon,main,16650,True
Prompt-Engineering-Guide,46405,https://github.com/dair-ai/Prompt-Engineering-Guide,main,1432,True
DeepFaceLab,46344,https://github.com/iperov/DeepFaceLab,master,1313,True
Ghost,46338,https://github.com/TryGhost/Ghost,main,38886,True
dayjs,46334,https://github.com/iamkun/dayjs,dev,1535,True,dev,1535
serverless,46321,https://github.com/serverless/serverless,main,16036,True
big-list-of-naughty-strings,46040,https://github.com/minimaxir/big-list-of-naughty-strings,master,273,True
professional-programming,45952,https://github.com/charlax/professional-programming,master,408,True
core,45885,https://github.com/vuejs/core,main,5985,True
Magisk,45786,https://github.com/topjohnwu/Magisk,master,6871,True
marktext,45710,https://github.com/marktext/marktext,develop,1608,True,develop,1608
segment-anything,45666,https://github.com/facebookresearch/segment-anything,main,46,True
minio,45651,https://github.com/minio/minio,master,12115,True
trackerslist,45620,https://github.com/ngosang/trackerslist,master,3173,True
okhttp,45528,https://github.com/square/okhttp,master,5673,True
meilisearch,45413,https://github.com/meilisearch/meilisearch,main,9736,True
learn-regex,45358,https://github.com/ziishaned/learn-regex,master,328,True,develop,143
rclone,45215,https://github.com/rclone/rclone,master,8105,True
julia,45056,https://github.com/JuliaLang/julia,master,57246,True
v2ray-core,45048,https://github.com/v2ray/v2ray-core,master,5389,True
awesome-wechat-weapp,45008,https://github.com/justjavac/awesome-wechat-weapp,main,603,True
zustand,44821,https://github.com/pmndrs/zustand,main,1049,True
dive,44718,https://github.com/wagoodman/dive,main,483,True
awesome-rust,44703,https://github.com/rust-unofficial/awesome-rust,main,4626,True
uBlock,44682,https://github.com/gorhill/uBlock,master,12368,True
Projects,44661,https://github.com/karan/Projects,master,182,True
powerlevel10k,44622,https://github.com/romkatv/powerlevel10k,master,4285,True
react,44590,https://github.com/typescript-cheatsheets/react,main,1041,True
gogs,44578,https://github.com/gogs/gogs,main,6010,True
joplin,44380,https://github.com/laurent22/joplin,dev,11632,True,dev,11632
fuels-rs,44352,https://github.com/FuelLabs/fuels-rs,master,768,True,dev,741
fuels-ts,44350,https://github.com/FuelLabs/fuels-ts,master,1311,True
astro,44326,https://github.com/withastro/astro,main,8358,True
Motrix,44277,https://github.com/agalwood/Motrix,master,1170,True
meteor,44154,https://github.com/meteor/meteor,devel,37279,True
architecture-samples,44121,https://github.com/android/architecture-samples,main,809,True
PowerShell,44114,https://github.com/PowerShell/PowerShell,master,10670,True
design-patterns-for-humans,44081,https://github.com/kamranahmedse/design-patterns-for-humans,master,141,True
100-Days-Of-ML-Code,44001,https://github.com/Avik-Jain/100-Days-Of-ML-Code,master,109,True
jest,43903,https://github.com/jestjs/jest,main,7233,True
FFmpeg,43897,https://github.com/FFmpeg/FFmpeg,master,116344,True
nocodb,43896,https://github.com/nocodb/nocodb,develop,23482,True,develop,23482
x64dbg,43810,https://github.com/x64dbg/x64dbg,development,5349,True
AdminLTE,43779,https://github.com/ColorlibHQ/AdminLTE,master,2645,True
first-contributions,43749,https://github.com/firstcontributions/first-contributions,main,35700,True
hackingtool,43614,https://github.com/Z4nzu/hackingtool,master,329,True
weekly,43517,https://github.com/ruanyf/weekly,master,646,True
TensorFlow-Examples,43314,https://github.com/aymericdamien/TensorFlow-Examples,master,250,True,dev,59
gitea,43296,https://github.com/go-gitea/gitea,main,18276,True
parcel,43284,https://github.com/parcel-bundler/parcel,v2,3311,True
hiring-without-whiteboards,43236,https://github.com/poteto/hiring-without-whiteboards,main,2105,True
starship,43218,https://github.com/starship/starship,master,3355,True
pixijs,43153,https://github.com/pixijs/pixijs,dev,8190,True,dev,8190
build-web-application-with-golang,43100,https://github.com/astaxie/build-web-application-with-golang,master,5178,True
babel,43064,https://github.com/babel/babel,main,16471,True
hyper,42986,https://github.com/vercel/hyper,canary,4065,True
retrofit,42859,https://github.com/square/retrofit,trunk,2326,True
n8n,42792,https://github.com/n8n-io/n8n,master,11251,True
pandas,42751,https://github.com/pandas-dev/pandas,main,35254,True
ComfyUI,42682,https://github.com/comfyanonymous/ComfyUI,master,2383,True
appwrite,42552,https://github.com/appwrite/appwrite,main,21450,True,dev,5535
quill,42464,https://github.com/slab/quill,main,5738,True,develop,5622
zx,42391,https://github.com/google/zx,main,603,True
huginn,42340,https://github.com/huginn/huginn,master,3742,True
PythonDataScienceHandbook,42243,https://github.com/jakevdp/PythonDataScienceHandbook,master,235,True
CppCoreGuidelines,42073,https://github.com/isocpp/CppCoreGuidelines,master,2153,True
zed,41996,https://github.com/zed-industries/zed,main,20957,True
30-Days-Of-JavaScript,41880,https://github.com/Asabeneh/30-Days-Of-JavaScript,master,567,True
MetaGPT,41770,https://github.com/geekan/MetaGPT,main,4366,True,dev,3178
terraform,41750,https://github.com/hashicorp/terraform,main,33017,True
frontend-dev-bookmarks,41725,https://github.com/dypsilon/frontend-dev-bookmarks,master,390,True
git-flight-rules,41686,https://github.com/k88hudson/git-flight-rules,master,450,True
type-challenges,41660,https://github.com/type-challenges/type-challenges,main,948,True
json,41509,https://github.com/nlohmann/json,develop,4580,True,develop,4580
open-source-ios-apps,41384,https://github.com/dkhamsing/open-source-ios-apps,master,7813,True
awesome-react-components,41382,https://github.com/brillout/awesome-react-components,master,961,True
yarn,41372,https://github.com/yarnpkg/yarn,master,2357,True
ImHex,41345,https://github.com/WerWolv/ImHex,master,4458,True
grpc,41269,https://github.com/grpc/grpc,master,55350,True,develop,53013
discourse,41262,https://github.com/discourse/discourse,main,55078,True
PaddleOCR,41105,https://github.com/PaddlePaddle/PaddleOCR,main,6225,True
pm2,41093,https://github.com/Unitech/pm2,master,5058,True
react-use,41068,https://github.com/streamich/react-use,master,2965,True
query,41003,https://github.com/TanStack/query,main,3098,True
vue2-elm,40885,https://github.com/bailicangdu/vue2-elm,master,511,True
front-end-interview-handbook,40849,https://github.com/yangshun/front-end-interview-handbook,main,746,True
Alamofire,40820,https://github.com/Alamofire/Alamofire,master,1639,True
awesome-java,40799,https://github.com/akullpp/awesome-java,master,1669,True
Leaflet,40626,https://github.com/Leaflet/Leaflet,main,7817,True
react-hook-form,40513,https://github.com/react-hook-form/react-hook-form,master,3644,True
open-source-mac-os-apps,40502,https://github.com/serhii-londar/open-source-mac-os-apps,master,1292,True
edex-ui,40343,https://github.com/GitSquared/edex-ui,master,1428,True
styled-components,40270,https://github.com/styled-components/styled-components,main,3624,True
dubbo,40257,https://github.com/apache/dubbo,3.2,7610,False
brew,40253,https://github.com/Homebrew/brew,master,40967,True
nw.js,40231,https://github.com/nwjs/nw.js,nw90,5203,True
jadx,40197,https://github.com/skylot/jadx,master,2211,True
ChatGLM-6B,40070,https://github.com/THUDM/ChatGLM-6B,main,368,True,dev,325
alist,39987,https://github.com/alist-org/alist,main,1964,True
python-patterns,39923,https://github.com/faif/python-patterns,master,842,True
kubernetes-the-hard-way,39894,https://github.com/kelseyhightower/kubernetes-the-hard-way,master,286,True
immich,39756,https://github.com/immich-app/immich,main,4800,True
drawio,39749,https://github.com/jgraph/drawio,dev,1984,False,dev,1984
uni-app,39691,https://github.com/dcloudio/uni-app,next,6542,True,dev,10386
what-happens-when,39564,https://github.com/alex/what-happens-when,master,294,True
Rocket.Chat,39534,https://github.com/RocketChat/Rocket.Chat,develop,25836,True,develop,25836
vuetify,39404,https://github.com/vuetifyjs/vuetify,master,16053,True,dev,16063
monaco-editor,39199,https://github.com/microsoft/monaco-editor,main,3407,True
swiper,39177,https://github.com/nolimits4web/swiper,master,3652,True
spark,38974,https://github.com/apache/spark,master,41635,True
hexo,38923,https://github.com/hexojs/hexo,master,3666,True
fastlane,38877,https://github.com/fastlane/fastlane,master,16596,True
materialize,38867,https://github.com/Dogfalo/materialize,v1-dev,3878,True
ailearning,38725,https://github.com/apachecn/ailearning,master,240,True
JeecgBoot,38693,https://github.com/jeecgboot/JeecgBoot,master,1250,True
awesome-cheatsheets,38640,https://github.com/LeCoupa/awesome-cheatsheets,master,758,True
localsend,38577,https://github.com/localsend/localsend,main,1343,True
dbeaver,38558,https://github.com/dbeaver/dbeaver,devel,25953,False
Fooocus,38528,https://github.com/lllyasviel/Fooocus,main,1104,True,develop,1104
text-generation-webui,38519,https://github.com/oobabooga/text-generation-webui,main,3834,True,dev,3775
kong,38420,https://github.com/Kong/kong,master,10633,True
ColossalAI,38383,https://github.com/hpcaitech/ColossalAI,main,3494,True,develop,2456
lx-music-desktop,38368,https://github.com/lyswhut/lx-music-desktop,master,2265,True,dev,2287
30-Days-Of-Python,38364,https://github.com/Asabeneh/30-Days-Of-Python,master,411,True
dify,38222,https://github.com/langgenius/dify,main,2672,True
prisma,38210,https://github.com/prisma/prisma,main,10901,True
CPlusPlusThings,38205,https://github.com/Light-City/CPlusPlusThings,master,291,True
reactjs-interview-questions,38152,https://github.com/sudheerj/reactjs-interview-questions,master,510,True
pyenv,37921,https://github.com/pyenv/pyenv,master,3305,True
cheat.sh,37875,https://github.com/chubin/cheat.sh,master,901,True
black,37873,https://github.com/psf/black,main,1885,True
awesome-design-patterns,37802,https://github.com/DovAmir/awesome-design-patterns,master,106,True
acme.sh,37768,https://github.com/acmesh-official/acme.sh,master,5518,True,dev,5526
Deep-Learning-Papers-Reading-Roadmap,37768,https://github.com/floodsung/Deep-Learning-Papers-Reading-Roadmap,master,114,True
stablediffusion,37694,https://github.com/Stability-AI/stablediffusion,main,87,True
esbuild,37687,https://github.com/evanw/esbuild,main,4153,True
fanqiang,37671,https://github.com/bannedbook/fanqiang,master,1331,True
sentry,37640,https://github.com/getsentry/sentry,master,71700,True
php-src,37619,https://github.com/php/php-src,master,136942,True
impress.js,37584,https://github.com/impress/impress.js,master,420,True
video.js,37568,https://github.com/videojs/video.js,main,4112,True
bert,37517,https://github.com/google-research/bert,master,111,True
MPAndroidChart,37434,https://github.com/PhilJay/MPAndroidChart,master,2070,True
tabler,37415,https://github.com/tabler/tabler,dev,2554,True,dev,2554
metabase,37405,https://github.com/metabase/metabase,master,32035,True
wrk,37251,https://github.com/wg/wrk,master,80,True
iina,37193,https://github.com/iina/iina,develop,3533,True,develop,3533
chakra-ui,37134,https://github.com/chakra-ui/chakra-ui,main,9406,True
styleguide,36991,https://github.com/google/styleguide,gh-pages,541,True
cobra,36915,https://github.com/spf13/cobra,main,1046,True
Open-Assistant,36850,https://github.com/LAION-AI/Open-Assistant,main,3477,True
freecodecamp.cn,36765,https://github.com/FreeCodeCampChina/freecodecamp.cn,dev,8845,True,dev,8845
phaser,36714,https://github.com/phaserjs/phaser,master,19681,True
Made-With-ML,36667,https://github.com/GokuMohandas/Made-With-ML,main,18,True,dev,17
zju-icicles,36628,https://github.com/QSCTech/zju-icicles,master,1480,True
tidb,36603,https://github.com/pingcap/tidb,master,24140,True
free,36599,https://github.com/freefq/free,master,8115,True
pocketbase,36470,https://github.com/pocketbase/pocketbase,master,1419,True,develop,1419
preact,36400,https://github.com/preactjs/preact,main,5677,True
interview_internal_reference,36396,https://github.com/0voice/interview_internal_reference,master,377,True
odoo,36370,https://github.com/odoo/odoo,17.0,172321,True
tutorials,36344,https://github.com/eugenp/tutorials,master,16886,True
chinese-independent-developer,36316,https://github.com/1c7/chinese-independent-developer,master,1439,True
pure-bash-bible,36307,https://github.com/dylanaraps/pure-bash-bible,master,263,True
Docker-OSX,36249,https://github.com/sickcodes/Docker-OSX,master,475,True
manifesto,36239,https://github.com/opentofu/manifesto,main,2108,True
English-level-up-tips,36190,https://github.com/byoungd/English-level-up-tips,master,303,True
cli,36148,https://github.com/cli/cli,trunk,7689,True
gorm,36142,https://github.com/go-gorm/gorm,master,2701,True
ant-design-pro,36130,https://github.com/ant-design/ant-design-pro,master,2499,True
nvm-windows,36097,https://github.com/coreybutler/nvm-windows,master,486,True
python-cheatsheet,35866,https://github.com/gto76/python-cheatsheet,main,2550,True
FastChat,35808,https://github.com/lm-sys/FastChat,main,824,True
leveldb,35807,https://github.com/google/leveldb,main,434,True
AFFiNE,35802,https://github.com/toeverything/AFFiNE,canary,6276,False
50projects50days,35756,https://github.com/bradtraversy/50projects50days,master,156,True
JavaFamily,35749,https://github.com/AobingJava/JavaFamily,master,225,True
diagrams,35694,https://github.com/mingrammer/diagrams,master,534,True
vim,35654,https://github.com/vim/vim,master,19926,True
shellcheck,35631,https://github.com/koalaman/shellcheck,master,2019,True
ClickHouse,35615,https://github.com/ClickHouse/ClickHouse,master,147641,True
DragGAN,35597,https://github.com/XingangPan/DragGAN,main,66,True
og-aws,35569,https://github.com/open-guides/og-aws,master,1042,True
htmx,35562,https://github.com/bigskysoftware/htmx,master,3002,True,dev,2998
v,35560,https://github.com/vlang/v,master,17961,True
lerna,35546,https://github.com/lerna/lerna,main,2776,True
wtfpython,35516,https://github.com/satwikkansal/wtfpython,master,595,True
airflow,35450,https://github.com/apache/airflow,main,25124,True
istio,35425,https://github.com/istio/istio,master,23395,True
lobe-chat,35423,https://github.com/lobehub/lobe-chat,main,2620,True
deeplearningbook-chinese,35417,https://github.com/exacity/deeplearningbook-chinese,master,730,True
lazydocker,35403,https://github.com/jesseduffield/lazydocker,master,819,True
mitmproxy,35331,https://github.com/mitmproxy/mitmproxy,main,10628,True
GFPGAN,35151,https://github.com/TencentARC/GFPGAN,master,107,True
taro,35130,https://github.com/NervJS/taro,main,13955,True
arthas,35128,https://github.com/alibaba/arthas,master,1987,True
fullPage.js,35085,https://github.com/alvarotrigo/fullPage.js,master,2197,True,dev,2201
vaultwarden,35068,https://github.com/dani-garcia/vaultwarden,main,2682,True
koa,35028,https://github.com/koajs/koa,master,1201,True
hello-algorithm,34989,https://github.com/geekxh/hello-algorithm,master,409,True
nanoGPT,34930,https://github.com/karpathy/nanoGPT,master,207,True
curl,34892,https://github.com/curl/curl,master,32695,True
aspnetcore,34888,https://github.com/dotnet/aspnetcore,main,53732,True
shadowsocks-android,34855,https://github.com/shadowsocks/shadowsocks-android,master,3694,True
lottie-android,34818,https://github.com/airbnb/lottie-android,master,1584,True
sheetjs,34775,https://github.com/SheetJS/sheetjs,github,770,True
nativefier,34773,https://github.com/nativefier/nativefier,master,1287,True
hackathon-starter,34768,https://github.com/sahat/hackathon-starter,master,2640,True
wtfjs,34685,https://github.com/denysdovhan/wtfjs,master,441,True
MockingBird,34561,https://github.com/babysor/MockingBird,main,204,True,dev,148
TaskMatrix,34538,https://github.com/chenfei-wu/TaskMatrix,main,117,True
tldraw,34516,https://github.com/tldraw/tldraw,main,3201,True
glide,34486,https://github.com/bumptech/glide,master,2956,True
node-v0.x-archive,34467,https://github.com/nodejs/node-v0.x-archive,moved,2,True
955.WLB,34451,https://github.com/formulahendry/955.WLB,master,59,True
the-way-to-go_ZH_CN,34383,https://github.com/unknwon/the-way-to-go_ZH_CN,master,1425,True
llm-course,34356,https://github.com/mlabonne/llm-course,main,79,True
devdocs,34343,https://github.com/freeCodeCamp/devdocs,main,5654,True
awesome-react-native,34336,https://github.com/jondot/awesome-react-native,master,2193,True
carbon,34325,https://github.com/carbon-app/carbon,main,1872,True
gym,34276,https://github.com/openai/gym,master,1757,True
quivr,34259,https://github.com/QuivrHQ/quivr,main,1944,True
aria2,34246,https://github.com/aria2/aria2,master,5435,True
tesseract.js,34215,https://github.com/naptha/tesseract.js,master,796,True,develop,478
bevy,34210,https://github.com/bevyengine/bevy,main,6634,True
date-fns,34196,https://github.com/date-fns/date-fns,main,2152,True
caffe,33983,https://github.com/BVLC/caffe,master,4156,True
DeepSpeed,33928,https://github.com/microsoft/DeepSpeed,master,2374,True
clipboard.js,33918,https://github.com/zenorocha/clipboard.js,master,396,True
tmux,33900,https://github.com/tmux/tmux,master,10232,True
interview,33890,https://github.com/huihut/interview,master,372,True
bark,33877,https://github.com/suno-ai/bark,main,83,True,dev,127
lapce,33868,https://github.com/lapce/lapce,master,3428,True
googletest,33794,https://github.com/google/googletest,main,4429,True
novu,33774,https://github.com/novuhq/novu,next,17941,True
formik,33759,https://github.com/jaredpalmer/formik,main,1804,True
llama_index,33758,https://github.com/run-llama/llama_index,main,4743,True
typeorm,33743,https://github.com/typeorm/typeorm,master,5385,True
insomnia,33742,https://github.com/Kong/insomnia,develop,4899,False,develop,4899
12306,33739,https://github.com/testerSunshine/12306,master,435,True,dev,125
photoprism,33736,https://github.com/photoprism/photoprism,develop,9240,False,develop,9240
trpc,33697,https://github.com/trpc/trpc,next,4113,True
vim-plug,33653,https://github.com/junegunn/vim-plug,master,721,True
gold-miner,33573,https://github.com/xitu/gold-miner,master,11473,True
Ryujinx,33545,https://github.com/Ryujinx/Ryujinx,master,3380,True
shadowsocks,33537,https://github.com/shadowsocks/shadowsocks,rm,1,True
google-research,33467,https://github.com/google-research/google-research,master,4579,True
streamlit,33463,https://github.com/streamlit/streamlit,develop,6480,True,develop,6480
TrafficMonitor,33457,https://github.com/zhongyang219/TrafficMonitor,master,970,True
metasploit-framework,33359,https://github.com/rapid7/metasploit-framework,master,74414,True
pandoc,33351,https://github.com/jgm/pandoc,main,17564,True
AFNetworking,33331,https://github.com/AFNetworking/AFNetworking,master,2944,True
AI-For-Beginners,33325,https://github.com/microsoft/AI-For-Beginners,main,550,True
brackets,33279,https://github.com/adobe/brackets,master,17847,True
termux-app,33269,https://github.com/termux/termux-app,master,1454,True
whisper.cpp,33225,https://github.com/ggerganov/whisper.cpp,master,1461,True
Files,33122,https://github.com/files-community/Files,main,5832,True
AndroidUtilCode,33118,https://github.com/Blankj/AndroidUtilCode,master,1433,True,dev,1414
compose,33116,https://github.com/docker/compose,main,4804,True
awesome-javascript,33110,https://github.com/sorrycc/awesome-javascript,master,805,True
netty,33110,https://github.com/netty/netty,4.1,11516,True
HanLP,33100,https://github.com/hankcs/HanLP,doc-zh,1755,True,dev,1757
gulp,32948,https://github.com/gulpjs/gulp,master,1206,True
immutable-js,32912,https://github.com/immutable-js/immutable-js,main,1749,True
cli,32887,https://github.com/httpie/cli,master,1786,True
XX-Net,32882,https://github.com/XX-net/XX-Net,master,2584,True
react-beautiful-dnd,32844,https://github.com/atlassian/react-beautiful-dnd,master,814,True
jieba,32838,https://github.com/fxsjy/jieba,master,523,True
REKCARC-TSC-UHT,32807,https://github.com/PKUanonym/REKCARC-TSC-UHT,master,220,True
fd,32742,https://github.com/sharkdp/fd,master,1533,True
halo,32639,https://github.com/halo-dev/halo,main,5098,True
Awesome-Design-Tools,32606,https://github.com/goabstract/Awesome-Design-Tools,master,1649,True
spring-boot-demo,32574,https://github.com/xkcoding/spring-boot-demo,master,734,True,dev,733
v2rayNG,32542,https://github.com/2dust/v2rayNG,master,465,True
zig,32500,https://github.com/ziglang/zig,master,29900,True
zxing,32495,https://github.com/zxing/zxing,master,3815,True
appsmith,32477,https://github.com/appsmithorg/appsmith,release,17983,True
LeetCode-Go,32460,https://github.com/halfrost/LeetCode-Go,master,1642,True
marked,32422,https://github.com/markedjs/marked,master,3391,True
ijkplayer,32282,https://github.com/bilibili/ijkplayer,master,2627,True
material-design-lite,32280,https://github.com/google/material-design-lite,mdl-1.x,2872,True
daisyui,32279,https://github.com/saadeghi/daisyui,master,1318,True
ShadowsocksX-NG,32273,https://github.com/shadowsocks/ShadowsocksX-NG,develop,596,True,develop,596
awesome-compose,32270,https://github.com/docker/awesome-compose,master,269,True
carbon-lang,32269,https://github.com/carbon-language/carbon-lang,trunk,2777,True
fiber,32230,https://github.com/gofiber/fiber,main,3912,True
ray,32159,https://github.com/ray-project/ray,master,22202,True
TTS,32098,https://github.com/coqui-ai/TTS,dev,4668,True,dev,4668
slidev,32076,https://github.com/slidevjs/slidev,main,2463,True
ccxt,32052,https://github.com/ccxt/ccxt,master,83563,True
husky,32025,https://github.com/typicode/husky,main,974,True
Summer2025-Internships,32024,https://github.com/SimplifyJobs/Summer2025-Internships,dev,6656,False,dev,6656
awesome-shell,32003,https://github.com/alebcay/awesome-shell,master,671,True
zod,31999,https://github.com/colinhacks/zod,main,2057,True
jellyfin,31968,https://github.com/jellyfin/jellyfin,master,26067,True
gitness,31930,https://github.com/harness/gitness,main,2176,True
framework,31861,https://github.com/laravel/framework,11.x,37845,True
open-webui,31861,https://github.com/open-webui/open-webui,main,4896,True,dev,4906
JavaScript,31843,https://github.com/TheAlgorithms/JavaScript,master,1838,True
solid,31721,https://github.com/solidjs/solid,main,1751,True
helix,31710,https://github.com/helix-editor/helix,master,5816,True
android-open-project,31582,https://github.com/Trinea/android-open-project,master,961,True
WeChatMsg,31576,https://github.com/LC044/WeChatMsg,master,626,True
easyexcel,31515,https://github.com/alibaba/easyexcel,master,1180,True
awesome-awesomeness,31491,https://github.com/bayandin/awesome-awesomeness,master,576,True
fastify,31407,https://github.com/fastify/fastify,main,4086,True
sqlmap,31390,https://github.com/sqlmapproject/sqlmap,master,10195,True
expo,31330,https://github.com/expo/expo,main,22751,True
logseq,31182,https://github.com/logseq/logseq,master,12731,True
certbot,31155,https://github.com/certbot/certbot,master,10949,True
beego,31147,https://github.com/beego/beego,master,4801,True,develop,4831
run,31130,https://github.com/The-Run-Philosophy-Organization/run,main,1290,True
gradio,31075,https://github.com/gradio-app/gradio,main,6836,True,dev,5399
Coursera-ML-AndrewNg-Notes,31074,https://github.com/fengdu78/Coursera-ML-AndrewNg-Notes,master,117,True
nushell,31039,https://github.com/nushell/nushell,main,9146,True
chatgpt-web,31024,https://github.com/Chanzhaoyu/chatgpt-web,main,401,True
GitHubDaily,31003,https://github.com/GitHubDaily/GitHubDaily,master,91,True
jQuery-File-Upload,30981,https://github.com/blueimp/jQuery-File-Upload,master,1265,True
RSSHub,30980,https://github.com/DIYgod/RSSHub,master,12160,True,develop,10266
graphql-engine,30976,https://github.com/hasura/graphql-engine,master,8544,True
pytorch-image-models,30832,https://github.com/huggingface/pytorch-image-models,main,2362,True
AgentGPT,30719,https://github.com/reworkd/AgentGPT,main,1494,True
system-design,30645,https://github.com/karanpratapsingh/system-design,main,33,True
awesome-php,30635,https://github.com/ziadoz/awesome-php,master,1691,True
swc,30617,https://github.com/swc-project/swc,main,9279,True
Python,30617,https://github.com/geekcomputers/Python,master,3782,True
Blog,30560,https://github.com/mqyqingfeng/Blog,master,327,True
poetry,30507,https://github.com/python-poetry/poetry,main,3289,True
openpose,30480,https://github.com/CMU-Perceptual-Computing-Lab/openpose,master,715,True
rxjs,30467,https://github.com/ReactiveX/rxjs,master,5460,True
MS-DOS,30455,https://github.com/microsoft/MS-DOS,main,104,True
zsh-autosuggestions,30448,https://github.com/zsh-users/zsh-autosuggestions,master,542,True,develop,539
Stirling-PDF,30430,https://github.com/Stirling-Tools/Stirling-PDF,main,2144,True
vimrc,30391,https://github.com/amix/vimrc,master,489,True
modern-unix,30389,https://github.com/ibraheemdev/modern-unix,master,76,True
vault,30377,https://github.com/hashicorp/vault,main,19978,True
EasySpider,30374,https://github.com/NaiboWang/EasySpider,master,531,True
yew,30293,https://github.com/yewstack/yew,master,2580,True
linux-command,30287,https://github.com/jaywcjlove/linux-command,master,1335,True
p3c,30276,https://github.com/alibaba/p3c,master,290,True
NeteaseCloudMusicApi,30273,https://github.com/Binaryify/NeteaseCloudMusicApi,master,3,True
libpku,30244,https://github.com/lib-pku/libpku,master,132,True
NewPipe,30213,https://github.com/TeamNewPipe/NewPipe,dev,11236,True,dev,11236
engineering-blogs,30200,https://github.com/kilimchoi/engineering-blogs,master,1720,True
learnGitBranching,30176,https://github.com/pcottle/learnGitBranching,main,2896,True
html2canvas,30143,https://github.com/niklasvh/html2canvas,master,1066,True
spring-boot-examples,30097,https://github.com/ityouknow/spring-boot-examples,master,213,True
typst,30087,https://github.com/typst/typst,main,3121,True
cal.com,30085,https://github.com/calcom/cal.com,main,10200,True
dotfiles,30045,https://github.com/mathiasbynens/dotfiles,main,762,True
Langchain-Chatchat,30022,https://github.com/chatchat-space/Langchain-Chatchat,master,2340,True,dev,2397
How-To-Ask-Questions-The-Smart-Way,30007,https://github.com/ryanhanwu/How-To-Ask-Questions-The-Smart-Way,main,352,True
leetcode,29978,https://github.com/doocs/leetcode,main,9892,True
HEAD,29971,https://github.com/joshbuchea/HEAD,master,367,True,dev,355
swr,29934,https://github.com/vercel/swr,main,879,True
lottie-web,29894,https://github.com/airbnb/lottie-web,master,2429,True
nps,29875,https://github.com/ehang-io/nps,master,700,True,dev,691
selenium,29853,https://github.com/SeleniumHQ/selenium,trunk,31909,True
fairseq,29847,https://github.com/facebookresearch/fairseq,main,2323,True
serenity,29833,https://github.com/SerenityOS/serenity,master,62218,True
AnotherRedisDesktopManager,29815,https://github.com/qishibo/AnotherRedisDesktopManager,master,827,True,dev,399
portainer,29803,https://github.com/portainer/portainer,develop,4809,True,develop,4809
vue-cli,29770,https://github.com/vuejs/vue-cli,dev,3531,True,dev,3531
C-Plus-Plus,29683,https://github.com/TheAlgorithms/C-Plus-Plus,master,1660,True
jq,29670,https://github.com/jqlang/jq,master,1727,True
linux-insides,29655,https://github.com/0xAX/linux-insides,master,1922,True
foundation-sites,29642,https://github.com/foundation/foundation-sites,develop,17268,True,develop,17268
faiss,29587,https://github.com/facebookresearch/faiss,main,1152,True
cockroach,29574,https://github.com/cockroachdb/cockroach,master,95951,True
HowToLiveLonger,29553,https://github.com/geekan/HowToLiveLonger,main,76,True
nacos,29545,https://github.com/alibaba/nacos,develop,5036,True,develop,5036
pytorch-tutorial,29533,https://github.com/yunjey/pytorch-tutorial,master,173,True
penpot,29528,https://github.com/penpot/penpot,develop,14199,True,develop,14199
symfony,29510,https://github.com/symfony/symfony,7.2,71031,False
spacedrive,29479,https://github.com/spacedriveapp/spacedrive,main,2930,True
detectron2,29467,https://github.com/facebookresearch/detectron2,main,1526,True
phantomjs,29444,https://github.com/ariya/phantomjs,master,1958,True
react-boilerplate,29426,https://github.com/react-boilerplate/react-boilerplate,master,1457,True,dev,1502
GPT-SoVITS,29415,https://github.com/RVC-Boss/GPT-SoVITS,main,644,True
slate,29360,https://github.com/ianstormtaylor/slate,main,4161,True
project-guidelines,29340,https://github.com/elsewhencode/project-guidelines,master,169,True
spaCy,29323,https://github.com/explosion/spaCy,master,16134,True,develop,16114
calculator,29319,https://github.com/microsoft/calculator,main,846,True
layui,29314,https://github.com/layui/layui,main,2277,True
awesome-docker,29306,https://github.com/veggiemonk/awesome-docker,master,2953,True
sequelize,29291,https://github.com/sequelize/sequelize,main,11026,True
leakcanary,29252,https://github.com/square/leakcanary,main,2287,True
webtorrent,29242,https://github.com/webtorrent/webtorrent,master,3610,True
jax,29229,https://github.com/google/jax,main,21944,True
lede,29215,https://github.com/coolsnowwolf/lede,master,6777,True
es6features,29213,https://github.com/lukehoban/es6features,master,109,True
500lines,29187,https://github.com/aosabook/500lines,master,3297,True
ruff,29181,https://github.com/astral-sh/ruff,main,7476,True
stanford_alpaca,29180,https://github.com/tatsu-lab/stanford_alpaca,main,38,True
floating-ui,29163,https://github.com/floating-ui/floating-ui,master,2186,True
gpt-pilot,29158,https://github.com/Pythagora-io/gpt-pilot,main,1615,True
interactive-coding-challenges,29155,https://github.com/donnemartin/interactive-coding-challenges,master,790,True,develop,790
COVID-19,29155,https://github.com/CSSEGISandData/COVID-19,master,7691,True
Hover,29150,https://github.com/IanLunn/Hover,master,132,True,develop,102
Sortable,29144,https://github.com/SortableJS/Sortable,master,1096,True
ControlNet,29136,https://github.com/lllyasviel/ControlNet,main,188,True
echo,29051,https://github.com/labstack/echo,master,1740,True
jsoncrack.com,29033,https://github.com/AykutSarac/jsoncrack.com,main,1522,True
standard,28990,https://github.com/standard/standard,master,1994,True
apollo,28970,https://github.com/apolloconfig/apollo,master,2884,True
memos,28910,https://github.com/usememos/memos,main,2841,True
minikube,28849,https://github.com/kubernetes/minikube,master,24730,True
maybe,28800,https://github.com/maybe-finance/maybe,main,473,True
AI-Expert-Roadmap,28784,https://github.com/AMAI-GmbH/AI-Expert-Roadmap,main,67,True
OpenDevin,28774,https://github.com/OpenDevin/OpenDevin,main,1426,True
etcher,28737,https://github.com/balena-io/etcher,master,3444,True
awesome-remote-job,28733,https://github.com/lukasz-madon/awesome-remote-job,master,1092,True
my-tv,28723,https://github.com/lizongying/my-tv,main,165,True
hutool,28709,https://github.com/dromara/hutool,v5-master,5198,False
mattermost,28706,https://github.com/mattermost/mattermost,master,18857,True
particles.js,28705,https://github.com/VincentGarreau/particles.js,master,235,True,dev,241
jsPDF,28698,https://github.com/parallax/jsPDF,master,2267,True
awesome-macos-command-line,28663,https://github.com/herrbischoff/awesome-macos-command-line,main,1,True
mmdetection,28644,https://github.com/open-mmlab/mmdetection,main,2706,True,dev,2209
uppy,28641,https://github.com/transloadit/uppy,main,9957,True
pnpm,28635,https://github.com/pnpm/pnpm,main,9130,True
ShareX,28625,https://github.com/ShareX/ShareX,develop,7999,True,develop,7999
OpenAPI-Specification,28615,https://github.com/OAI/OpenAPI-Specification,main,2168,True
swift-algorithm-club,28612,https://github.com/kodecocodes/swift-algorithm-club,master,2534,True
autogen,28583,https://github.com/microsoft/autogen,main,1778,True
todomvc,28562,https://github.com/tastejs/todomvc,master,2943,True
algo,28533,https://github.com/trailofbits/algo,master,1152,True
remix,28503,https://github.com/remix-run/remix,main,5817,True,dev,5816
sharp,28477,https://github.com/lovell/sharp,main,2129,True
v2ray-core,28455,https://github.com/v2fly/v2ray-core,master,6547,True
chatgpt-on-wechat,28411,https://github.com/zhayujie/chatgpt-on-wechat,master,1162,True
composer,28408,https://github.com/composer/composer,main,12485,True
vuex,28399,https://github.com/vuejs/vuex,main,1210,True
go-zero,28398,https://github.com/zeromicro/go-zero,master,2503,True
milvus,28393,https://github.com/milvus-io/milvus,master,20319,True
awesome-python-cn,28384,https://github.com/jobbole/awesome-python-cn,master,213,True
upscayl,28375,https://github.com/upscayl/upscayl,main,966,True
remote-jobs,28363,https://github.com/remoteintech/remote-jobs,main,2645,True
slick,28342,https://github.com/kenwheeler/slick,master,945,True
postcss,28332,https://github.com/postcss/postcss,main,4039,True
linkedin-skill-assessments-quizzes,28316,https://github.com/Ebazhanov/linkedin-skill-assessments-quizzes,main,7418,True
ToolJet,28309,https://github.com/ToolJet/ToolJet,develop,7479,True,develop,7479
android_guides,28288,https://github.com/codepath/android_guides,master,64,True
influxdb,28278,https://github.com/influxdata/influxdb,main,49277,True
fabric.js,28242,https://github.com/fabricjs/fabric.js,master,4996,True
Awesome,28212,https://github.com/Awesome-Windows/Awesome,master,523,True
weekly,28146,https://github.com/ascoders/weekly,master,1004,True
async,28140,https://github.com/caolan/async,master,1945,True
polars,28136,https://github.com/pola-rs/polars,main,10365,True
canal,28112,https://github.com/alibaba/canal,master,1653,True
backbone,28099,https://github.com/jashkenas/backbone,master,3536,True
consul,28095,https://github.com/hashicorp/consul,main,21394,True
cheerio,28093,https://github.com/cheeriojs/cheerio,main,3168,True
Mr.-Ranedeer-AI-Tutor,28075,https://github.com/JushBJJ/Mr.-Ranedeer-AI-Tutor,main,187,True
lighthouse,28060,https://github.com/GoogleChrome/lighthouse,main,6157,True
SpringAll,28051,https://github.com/wuyouzhuguli/SpringAll,master,140,True
python-guide,28022,https://github.com/realpython/python-guide,master,2325,True
tqdm,28000,https://github.com/tqdm/tqdm,master,1986,True
ChatGPT,27995,https://github.com/acheong08/ChatGPT,main,1653,True,dev,1466
kafka,27988,https://github.com/apache/kafka,trunk,13325,True
machine-learning-for-software-engineers,27973,https://github.com/ZuzooVn/machine-learning-for-software-engineers,master,302,True
ChatTTS,27961,https://github.com/2noise/ChatTTS,main,294,True,dev,297
rocksdb,27931,https://github.com/facebook/rocksdb,main,12836,True
YesPlayMusic,27908,https://github.com/qier222/YesPlayMusic,master,696,True
django-rest-framework,27897,https://github.com/encode/django-rest-framework,master,8810,True
css-protips,27871,https://github.com/AllThingsSmitty/css-protips,master,393,True
Flowise,27826,https://github.com/FlowiseAI/Flowise,main,2506,True
GPTs,27825,https://github.com/linexjlin/GPTs,main,284,True
rufus,27796,https://github.com/pbatard/rufus,master,2190,True
react-spring,27793,https://github.com/pmndrs/react-spring,main,3518,True
druid,27790,https://github.com/alibaba/druid,master,7453,True
aseprite,27784,https://github.com/aseprite/aseprite,main,9596,True
editor.js,27687,https://github.com/codex-team/editor.js,next,805,True
the-super-tiny-compiler,27683,https://github.com/jamiebuilds/the-super-tiny-compiler,master,13,True
RevokeMsgPatcher,27663,https://github.com/huiyadanli/RevokeMsgPatcher,master,261,True
spring-cloud-alibaba,27625,https://github.com/alibaba/spring-cloud-alibaba,2023.x,2559,False
folly,27595,https://github.com/facebook/folly,main,13108,True
pytorch-lightning,27552,https://github.com/Lightning-AI/pytorch-lightning,master,10380,True
alpine,27536,https://github.com/alpinejs/alpine,main,2202,True
chatbot-ui,27521,https://github.com/mckaywrigley/chatbot-ui,main,209,True
CyberChef,27461,https://github.com/gchq/CyberChef,master,3892,True
react-select,27441,https://github.com/JedWatson/react-select,master,4232,True
Charts,27435,https://github.com/ChartsOrg/Charts,master,1833,True
nginxconfig.io,27408,https://github.com/digitalocean/nginxconfig.io,master,316,True
mobx,27375,https://github.com/mobxjs/mobx,main,3291,True
OpenVoice,27365,https://github.com/myshell-ai/OpenVoice,main,117,True
handson-ml2,27359,https://github.com/ageron/handson-ml2,master,915,True
Clone-Wars,27352,https://github.com/GorvGoyl/Clone-Wars,main,363,True
waifu2x,27349,https://github.com/nagadomi/waifu2x,master,756,True,dev,699
Daily-Interview-Question,27340,https://github.com/Advanced-Frontend/Daily-Interview-Question,master,252,True
immer,27304,https://github.com/immerjs/immer,main,1404,True
Data-Science-For-Beginners,27291,https://github.com/microsoft/Data-Science-For-Beginners,main,1419,True
JavaScript30,27277,https://github.com/wesbos/JavaScript30,master,396,True
underscore,27263,https://github.com/jashkenas/underscore,master,2836,True
yapi,27238,https://github.com/YMFE/yapi,master,5802,True,dev,5530
vhr,27198,https://github.com/lenve/vhr,master,162,True
CheatSheetSeries,27178,https://github.com/OWASP/CheatSheetSeries,master,1780,True
numpy,27158,https://github.com/numpy/numpy,main,36474,True
backstage,27148,https://github.com/backstage/backstage,master,55964,True
weui,27131,https://github.com/Tencent/weui,master,711,True,develop,710
clash-verge-rev,27124,https://github.com/clash-verge-rev/clash-verge-rev,main,1771,True
docsify,27116,https://github.com/docsifyjs/docsify,develop,1796,True,develop,1796
Real-ESRGAN,27093,https://github.com/xinntao/Real-ESRGAN,master,138,True
k3s,27092,https://github.com/k3s-io/k3s,master,3270,True
JCSprout,27077,https://github.com/crossoverJie/JCSprout,master,713,True,dev,585
ResumeSample,27064,https://github.com/geekcompany/ResumeSample,master,27,True
xxl-job,27061,https://github.com/xuxueli/xxl-job,master,1742,True
LLaMA-Factory,27054,https://github.com/hiyouga/LLaMA-Factory,main,1953,True
llvm-project,27051,https://github.com/llvm/llvm-project,main,505713,True
legacy-homebrew,27020,https://github.com/Homebrew/legacy-homebrew,master,63882,True
HEU_KMS_Activator,26990,https://github.com/zbezj/HEU_KMS_Activator,master,38,True
croc,26966,https://github.com/schollz/croc,main,1951,True
netron,26929,https://github.com/lutzroeder/netron,main,8252,True
coolify,26923,https://github.com/coollabsio/coolify,main,7103,True
data-science-ipython-notebooks,26916,https://github.com/donnemartin/data-science-ipython-notebooks,master,543,True,develop,543
servo,26884,https://github.com/servo/servo,main,48714,True
reverse-interview,26858,https://github.com/viraptor/reverse-interview,master,227,True
mpv,26854,https://github.com/mpv-player/mpv,master,52729,True
MonitorControl,26835,https://github.com/MonitorControl/MonitorControl,main,256,True
applied-ml,26820,https://github.com/eugeneyan/applied-ml,main,485,True,dev,453
Complete-Python-3-Bootcamp,26811,https://github.com/Pierian-Data/Complete-Python-3-Bootcamp,master,67,True
Faker,26795,https://github.com/fzaninotto/Faker,master,2632,True
mongoose,26795,https://github.com/Automattic/mongoose,master,21296,True
comprehensive-rust,26787,https://github.com/google/comprehensive-rust,main,1936,True
OpenBB,26744,https://github.com/OpenBB-finance/OpenBB,develop,6448,True,develop,6448
react-three-fiber,26731,https://github.com/pmndrs/react-three-fiber,master,2612,True
gitbook,26731,https://github.com/GitbookIO/gitbook,main,518,True
hangzhou_house_knowledge,26717,https://github.com/houshanren/hangzhou_house_knowledge,master,73,True
spotube,26706,https://github.com/KRTirtho/spotube,master,1603,True,dev,1671
codemirror5,26692,https://github.com/codemirror/codemirror5,master,7165,True
angular-cli,26676,https://github.com/angular/angular-cli,main,15236,True
os-tutorial,26671,https://github.com/cfenollosa/os-tutorial,master,148,True
rethinkdb,26637,https://github.com/rethinkdb/rethinkdb,main,33531,True
python-fire,26628,https://github.com/google/python-fire,master,304,True
directus,26620,https://github.com/directus/directus,main,11979,True
gitflow,26593,https://github.com/nvie/gitflow,develop,401,True,develop,401
xstate,26588,https://github.com/statelyai/xstate,main,6658,True
freqtrade,26588,https://github.com/freqtrade/freqtrade,develop,25196,False,develop,25196
ace,26568,https://github.com/ajaxorg/ace,master,8836,True
Probabilistic-Programming-and-Bayesian-Methods-for-Hackers,26522,https://github.com/CamDavidsonPilon/Probabilistic-Programming-and-Bayesian-Methods-for-Hackers,master,1119,True
helm,26493,https://github.com/helm/helm,main,7437,True
dokku,26430,https://github.com/dokku/dokku,master,10767,True
viper,26409,https://github.com/spf13/viper,master,781,True
commander.js,26402,https://github.com/tj/commander.js,master,1346,True,develop,1361
Python-programming-exercises,26374,https://github.com/zhiwehu/Python-programming-exercises,master,26,True
ultralytics,26370,https://github.com/ultralytics/ultralytics,main,1374,True
outline,26355,https://github.com/outline/outline,main,6726,True,develop,2882
legado,26350,https://github.com/gedoor/legado,master,5492,True
refine,26348,https://github.com/refinedev/refine,master,6503,True
kit,26339,https://github.com/go-kit/kit,master,1532,True
trilium,26284,https://github.com/zadam/trilium,master,7180,True,dev,6232
mediapipe,26283,https://github.com/google-ai-edge/mediapipe,master,3904,True
surrealdb,26278,https://github.com/surrealdb/surrealdb,main,3083,True
server,26247,https://github.com/nextcloud/server,master,75525,True
ink,26233,https://github.com/vadimdemedes/ink,master,582,True
Detectron,26211,https://github.com/facebookresearch/Detectron,main,147,True
hosts,26185,https://github.com/StevenBlack/hosts,master,3846,True
90DaysOfDevOps,26183,https://github.com/MichaelCade/90DaysOfDevOps,main,1979,True
aos,26173,https://github.com/michalsnik/aos,next,259,True
plane,26168,https://github.com/makeplane/plane,preview,4387,True,develop,4384
nodemon,26136,https://github.com/remy/nodemon,main,1372,True
react-virtualized,26136,https://github.com/bvaughn/react-virtualized,master,1988,True
miaosha,26133,https://github.com/qiurunze123/miaosha,master,250,True
lux,26106,https://github.com/iawia002/lux,master,848,True
qBittorrent,26099,https://github.com/qbittorrent/qBittorrent,master,12834,True
plyr,26083,https://github.com/sampotts/plyr,master,2297,True,develop,2229
swagger-ui,26053,https://github.com/swagger-api/swagger-ui,master,6554,True
vagrant,26047,https://github.com/hashicorp/vagrant,main,16780,True
dnSpy,26039,https://github.com/dnSpy/dnSpy,master,3932,True
nprogress,25991,https://github.com/rstacruz/nprogress,master,209,True
DevToys,25990,https://github.com/DevToys-app/DevToys,main,1036,True
the_silver_searcher,25922,https://github.com/ggreer/the_silver_searcher,master,2057,True
fastai,25905,https://github.com/fastai/fastai,master,2771,True
tuning_playbook,25887,https://github.com/google-research/tuning_playbook,main,41,True
stb,25871,https://github.com/nothings/stb,master,2189,True,dev,2156
tokio,25846,https://github.com/tokio-rs/tokio,master,3838,True
select2,25843,https://github.com/select2/select2,develop,2655,True,develop,2655
mongo,25840,https://github.com/mongodb/mongo,master,82437,True
ruoyi-vue-pro,25829,https://github.com/YunaiV/ruoyi-vue-pro,master,7496,True,develop,6553
xgboost,25829,https://github.com/dmlc/xgboost,master,6986,True
k9s,25827,https://github.com/derailed/k9s,master,1686,True
glances,25824,https://github.com/nicolargo/glances,develop,5733,True,develop,5733
Web,25814,https://github.com/qianguyihao/Web,master,910,True
fetch,25806,https://github.com/JakeChampion/fetch,main,715,True
roop,25763,https://github.com/s0md3v/roop,main,403,True
fastText,25753,https://github.com/facebookresearch/fastText,main,391,True
coder2gwy,25732,https://github.com/coder2gwy/coder2gwy,main,58,True
cmder,25718,https://github.com/cmderdev/cmder,master,1697,True
request,25694,https://github.com/request/request,master,2270,True
fastjson,25685,https://github.com/alibaba/fastjson,master,3983,True
bulletproof-react,25682,https://github.com/alan2207/bulletproof-react,master,245,True,dev,215
Tvlist-awesome-m3u-m3u8,25677,https://github.com/imDazui/Tvlist-awesome-m3u-m3u8,master,51,True
hacker-laws,25673,https://github.com/dwmkerr/hacker-laws,main,471,True
bubbletea,25657,https://github.com/charmbracelet/bubbletea,master,892,True
turbo,25641,https://github.com/vercel/turbo,main,6899,True
Modernizr,25635,https://github.com/Modernizr/Modernizr,master,2619,True
mindsdb,25625,https://github.com/mindsdb/mindsdb,main,18503,True
tiptap,25591,https://github.com/ueberdosis/tiptap,develop,6486,True,develop,6486
butterknife,25564,https://github.com/JakeWharton/butterknife,master,1016,True
fonts,25557,https://github.com/powerline/fonts,master,215,True
darknet,25551,https://github.com/pjreddie/darknet,master,455,True
quasar,25546,https://github.com/quasarframework/quasar,dev,14269,False,dev,14269
awesome-electron,25534,https://github.com/sindresorhus/awesome-electron,main,564,True
lottie-ios,25491,https://github.com/airbnb/lottie-ios,master,1307,True
UTM,25487,https://github.com/utmapp/UTM,main,3313,True
mantine,25486,https://github.com/mantinedev/mantine,master,12088,True
redash,25448,https://github.com/getredash/redash,master,7771,True
python-telegram-bot,25431,https://github.com/python-telegram-bot/python-telegram-bot,master,2801,True
Depix,25412,https://github.com/spipm/Depix,main,59,True
emscripten,25398,https://github.com/emscripten-core/emscripten,main,27195,True
awesome-cto,25383,https://github.com/kuchin/awesome-cto,main,186,True
YouCompleteMe,25376,https://github.com/ycm-core/YouCompleteMe,master,3210,True
spleeter,25335,https://github.com/deezer/spleeter,master,531,True
ItChat,25330,https://github.com/littlecodersh/ItChat,master,188,True
awesome-deep-learning-papers,25278,https://github.com/terryum/awesome-deep-learning-papers,master,168,True
tdesktop,25254,https://github.com/telegramdesktop/tdesktop,dev,17786,True,dev,17786
toBeTopJavaer,25254,https://github.com/hollischuang/toBeTopJavaer,master,274,True
modern-js-cheatsheet,25237,https://github.com/mbeaudru/modern-js-cheatsheet,master,162,True
Rectangle,25206,https://github.com/rxhanson/Rectangle,main,1214,True
tinygrad,25202,https://github.com/tinygrad/tinygrad,master,5188,True
headlessui,25189,https://github.com/tailwindlabs/headlessui,main,831,True
Signal-Android,25185,https://github.com/signalapp/Signal-Android,main,15009,True
cascadia-code,25182,https://github.com/microsoft/cascadia-code,main,207,True
fish-shell,25182,https://github.com/fish-shell/fish-shell,master,19151,True
MiniGPT-4,25171,https://github.com/Vision-CAIR/MiniGPT-4,main,297,True
ngx-admin,25136,https://github.com/akveo/ngx-admin,master,553,True
handson-ml,25135,https://github.com/ageron/handson-ml,master,509,True
taichi,25125,https://github.com/taichi-dev/taichi,master,10851,True
incubator-seata,25111,https://github.com/apache/incubator-seata,2.x,1972,True,develop,1719
discord.js,25111,https://github.com/discordjs/discord.js,main,8062,True
restic,25089,https://github.com/restic/restic,master,8248,True
fe-interview,25079,https://github.com/haizlin/fe-interview,master,1944,True,develop,487
paper-reading,25067,https://github.com/mli/paper-reading,main,159,True
rollup,25066,https://github.com/rollup/rollup,master,5660,True
iris,25030,https://github.com/kataras/iris,main,2823,True
openssl,25011,https://github.com/openssl/openssl,master,35449,True
SDWebImage,24994,https://github.com/SDWebImage/SDWebImage,master,3613,True
filebrowser,24953,https://github.com/filebrowser/filebrowser,master,2496,True
proxyee-down,24949,https://github.com/proxyee-down-org/proxyee-down,master,476,True,dev,78
lossless-cut,24896,https://github.com/mifi/lossless-cut,master,2473,True
srs,24880,https://github.com/ossrs/srs,develop,8650,True,develop,8650
DeepFaceLive,24855,https://github.com/iperov/DeepFaceLive,master,326,True
so-vits-svc,24838,https://github.com/svc-develop-team/so-vits-svc,4.1-Stable,854,True
Pake,24830,https://github.com/tw93/Pake,master,1283,True,dev,1292
react-native-elements,24823,https://github.com/react-native-elements/react-native-elements,next,2427,True
SmartRefreshLayout,24809,https://github.com/scwang90/SmartRefreshLayout,main,1149,True
DeepSpeech,24803,https://github.com/mozilla/DeepSpeech,master,3466,True
apollo,24800,https://github.com/ApolloAuto/apollo,master,19300,True
nylas-mail,24795,https://github.com/nylas/nylas-mail,master,6116,True
Free-Certifications,24789,https://github.com/cloudcommunity/Free-Certifications,main,294,True
faas,24784,https://github.com/openfaas/faas,master,2148,True
30-Days-Of-React,24767,https://github.com/Asabeneh/30-Days-Of-React,master,272,True
nsq,24758,https://github.com/nsqio/nsq,master,2296,True,dev,2039
full-stack-fastapi-template,24742,https://github.com/tiangolo/full-stack-fastapi-template,master,564,True
pipenv,24738,https://github.com/pypa/pipenv,main,8811,True
dragonfly,24737,https://github.com/dragonflydb/dragonfly,main,2362,True
go,24685,https://github.com/datasciencemasters/go,master,411,True
jumpserver,24682,https://github.com/jumpserver/jumpserver,dev,11495,True,dev,11495
Avalonia,24674,https://github.com/AvaloniaUI/Avalonia,master,26700,True
feather,24668,https://github.com/feathericons/feather,main,679,True
go-patterns,24658,https://github.com/tmrts/go-patterns,master,72,True
firecracker,24655,https://github.com/firecracker-microvm/firecracker,main,6049,True
eslint,24653,https://github.com/eslint/eslint,main,9621,True
EventBus,24635,https://github.com/greenrobot/EventBus,master,550,True
awesome-vscode,24630,https://github.com/viatsko/awesome-vscode,master,703,True
eShopOnContainers,24568,https://github.com/dotnet-architecture/eShopOnContainers,repo_moved,4339,True,dev,4338
localForage,24567,https://github.com/localForage/localForage,master,1124,True
ChatDev,24548,https://github.com/OpenBMB/ChatDev,main,432,True
table,24546,https://github.com/TanStack/table,main,2429,True
setup-ipsec-vpn,24545,https://github.com/hwdsl2/setup-ipsec-vpn,master,1391,True
devtools,24537,https://github.com/vuejs/devtools,main,2148,True
openzeppelin-contracts,24531,https://github.com/OpenZeppelin/openzeppelin-contracts,master,3630,True
awesome-swift,24522,https://github.com/matteocrippa/awesome-swift,master,3978,True
react-admin,24506,https://github.com/marmelab/react-admin,master,20084,True
docker_practice,24496,https://github.com/yeasy/docker_practice,master,1222,True
awesome-actions,24459,https://github.com/sdras/awesome-actions,main,1252,True
micro,24459,https://github.com/zyedidia/micro,master,3094,True
idiomatic.js,24452,https://github.com/rwaldron/idiomatic.js,master,504,True
iTerm2-Color-Schemes,24448,https://github.com/mbadolato/iTerm2-Color-Schemes,master,709,True
Mask_RCNN,24419,https://github.com/matterport/Mask_RCNN,master,203,True
autocomplete,24408,https://github.com/withfig/autocomplete,master,4743,True
Hello-Python,24401,https://github.com/mouredev/Hello-Python,main,52,True
vscodium,24396,https://github.com/VSCodium/vscodium,master,1253,True
logrus,24349,https://github.com/sirupsen/logrus,master,1246,True
awesome-datascience,24348,https://github.com/academic/awesome-datascience,live,1061,False
envoy,24325,https://github.com/envoyproxy/envoy,main,22319,True
textual,24314,https://github.com/Textualize/textual,main,9477,True
pkg,24257,https://github.com/vercel/pkg,main,1139,True
locust,24254,https://github.com/locustio/locust,master,4983,True
create-t3-app,24249,https://github.com/t3-oss/create-t3-app,main,1301,True
RxSwift,24247,https://github.com/ReactiveX/RxSwift,main,3690,True
components,24233,https://github.com/angular/components,main,11963,True
rust-course,24232,https://github.com/sunface/rust-course,main,2664,True
BaseRecyclerViewAdapterHelper,24218,https://github.com/CymChad/BaseRecyclerViewAdapterHelper,master,1508,True,dev,1050
Wox,24203,https://github.com/Wox-launcher/Wox,v2,3468,True
diffusers,24179,https://github.com/huggingface/diffusers,main,4342,True
TrackersListCollection,24177,https://github.com/XIU2/TrackersListCollection,master,4651,True
core-js,24171,https://github.com/zloirock/core-js,master,6130,True
coc.nvim,24165,https://github.com/neoclide/coc.nvim,master,5810,True
flameshot,24135,https://github.com/flameshot-org/flameshot,master,1950,True
Telegram,24130,https://github.com/DrKLO/Telegram,master,530,True,dev,426
celery,24110,https://github.com/celery/celery,main,12570,True
mdb-ui-kit,24110,https://github.com/mdbootstrap/mdb-ui-kit,master,1477,True
wttr.in,24109,https://github.com/chubin/wttr.in,master,1390,True
vapor,24098,https://github.com/vapor/vapor,main,5805,True
ngrok,24092,https://github.com/inconshreveable/ngrok,master,331,True
elixir,24071,https://github.com/elixir-lang/elixir,main,20385,True
fyne,24049,https://github.com/fyne-io/fyne,master,10380,True,develop,10380
vnpy,24046,https://github.com/vnpy/vnpy,master,6680,True,dev,6680
wiki,24022,https://github.com/requarks/wiki,main,2138,True
hammer.js,24015,https://github.com/hammerjs/hammer.js,master,1199,True,develop,1143
k6,24008,https://github.com/grafana/k6,master,5720,True
Hystrix,23990,https://github.com/Netflix/Hystrix,master,2119,True
iview,23989,https://github.com/iview/iview,2.0,3031,True
awesome-piracy,23987,https://github.com/Igglybuff/awesome-piracy,master,586,True
PhotoSwipe,23986,https://github.com/dimsemenov/PhotoSwipe,master,731,True
nanoid,23985,https://github.com/ai/nanoid,main,1069,True
medusa,23928,https://github.com/medusajs/medusa,develop,5817,True,develop,5817
NativeScript,23908,https://github.com/NativeScript/NativeScript,main,7430,True
angular-styleguide,23898,https://github.com/johnpapa/angular-styleguide,master,1136,True
Vundle.vim,23872,https://github.com/VundleVim/Vundle.vim,master,635,True
Rocket,23871,https://github.com/rwf2/Rocket,master,2400,True
devise,23846,https://github.com/heartcombo/devise,main,3889,True
